group,function,value,throughput_num,throughput_type,sample_measured_value,unit,iteration_count
generator-benchmark,13 corosensei,,,,14226.0,ns,2
generator-benchmark,13 corosensei,,,,45826.0,ns,4
generator-benchmark,13 corosensei,,,,38356.0,ns,6
generator-benchmark,13 corosensei,,,,50808.0,ns,8
generator-benchmark,13 corosensei,,,,63494.0,ns,10
generator-benchmark,13 corosensei,,,,76376.0,ns,12
generator-benchmark,13 corosensei,,,,89058.0,ns,14
generator-benchmark,13 corosensei,,,,101682.0,ns,16
generator-benchmark,13 corosensei,,,,114259.0,ns,18
generator-benchmark,13 corosensei,,,,127119.0,ns,20
generator-benchmark,13 corosensei,,,,139647.0,ns,22
generator-benchmark,13 corosensei,,,,152433.0,ns,24
generator-benchmark,13 corosensei,,,,171718.0,ns,26
generator-benchmark,13 corosensei,,,,178056.0,ns,28
generator-benchmark,13 corosensei,,,,190622.0,ns,30
generator-benchmark,13 corosensei,,,,203345.0,ns,32
generator-benchmark,13 corosensei,,,,216481.0,ns,34
generator-benchmark,13 corosensei,,,,228966.0,ns,36
generator-benchmark,13 corosensei,,,,241477.0,ns,38
generator-benchmark,13 corosensei,,,,254217.0,ns,40
generator-benchmark,13 corosensei,,,,267040.0,ns,42
generator-benchmark,13 corosensei,,,,279697.0,ns,44
generator-benchmark,13 corosensei,,,,292983.0,ns,46
generator-benchmark,13 corosensei,,,,305874.0,ns,48
generator-benchmark,13 corosensei,,,,318283.0,ns,50
generator-benchmark,13 corosensei,,,,330479.0,ns,52
generator-benchmark,13 corosensei,,,,343330.0,ns,54
generator-benchmark,13 corosensei,,,,357765.0,ns,56
generator-benchmark,13 corosensei,,,,369144.0,ns,58
generator-benchmark,13 corosensei,,,,381323.0,ns,60
generator-benchmark,13 corosensei,,,,393967.0,ns,62
generator-benchmark,13 corosensei,,,,406614.0,ns,64
generator-benchmark,13 corosensei,,,,420087.0,ns,66
generator-benchmark,13 corosensei,,,,432044.0,ns,68
generator-benchmark,13 corosensei,,,,444912.0,ns,70
generator-benchmark,13 corosensei,,,,457738.0,ns,72
generator-benchmark,13 corosensei,,,,470177.0,ns,74
generator-benchmark,13 corosensei,,,,484877.0,ns,76
generator-benchmark,13 corosensei,,,,496595.0,ns,78
generator-benchmark,13 corosensei,,,,508700.0,ns,80
generator-benchmark,13 corosensei,,,,584175.0,ns,82
generator-benchmark,13 corosensei,,,,677024.0,ns,84
generator-benchmark,13 corosensei,,,,688506.0,ns,86
generator-benchmark,13 corosensei,,,,592376.0,ns,88
generator-benchmark,13 corosensei,,,,601572.0,ns,90
generator-benchmark,13 corosensei,,,,587743.0,ns,92
generator-benchmark,13 corosensei,,,,599810.0,ns,94
generator-benchmark,13 corosensei,,,,612418.0,ns,96
generator-benchmark,13 corosensei,,,,625301.0,ns,98
generator-benchmark,13 corosensei,,,,637967.0,ns,100
generator-benchmark,13 corosensei,,,,672662.0,ns,102
generator-benchmark,13 corosensei,,,,664002.0,ns,104
generator-benchmark,13 corosensei,,,,676979.0,ns,106
generator-benchmark,13 corosensei,,,,689191.0,ns,108
generator-benchmark,13 corosensei,,,,702186.0,ns,110
generator-benchmark,13 corosensei,,,,715205.0,ns,112
generator-benchmark,13 corosensei,,,,730278.0,ns,114
generator-benchmark,13 corosensei,,,,739794.0,ns,116
generator-benchmark,13 corosensei,,,,752683.0,ns,118
generator-benchmark,13 corosensei,,,,766934.0,ns,120
generator-benchmark,13 corosensei,,,,779935.0,ns,122
generator-benchmark,13 corosensei,,,,815774.0,ns,124
generator-benchmark,13 corosensei,,,,803772.0,ns,126
generator-benchmark,13 corosensei,,,,881149.0,ns,128
generator-benchmark,13 corosensei,,,,990875.0,ns,130
generator-benchmark,13 corosensei,,,,841832.0,ns,132
generator-benchmark,13 corosensei,,,,877581.0,ns,134
generator-benchmark,13 corosensei,,,,867614.0,ns,136
generator-benchmark,13 corosensei,,,,879846.0,ns,138
generator-benchmark,13 corosensei,,,,892506.0,ns,140
generator-benchmark,13 corosensei,,,,907665.0,ns,142
generator-benchmark,13 corosensei,,,,939343.0,ns,144
generator-benchmark,13 corosensei,,,,931147.0,ns,146
generator-benchmark,13 corosensei,,,,943998.0,ns,148
generator-benchmark,13 corosensei,,,,956400.0,ns,150
generator-benchmark,13 corosensei,,,,976033.0,ns,152
generator-benchmark,13 corosensei,,,,982374.0,ns,154
generator-benchmark,13 corosensei,,,,995378.0,ns,156
generator-benchmark,13 corosensei,,,,1008026.0,ns,158
generator-benchmark,13 corosensei,,,,1021982.0,ns,160
generator-benchmark,13 corosensei,,,,1034519.0,ns,162
generator-benchmark,13 corosensei,,,,1046526.0,ns,164
generator-benchmark,13 corosensei,,,,1060935.0,ns,166
generator-benchmark,13 corosensei,,,,1072139.0,ns,168
generator-benchmark,13 corosensei,,,,1085617.0,ns,170
generator-benchmark,13 corosensei,,,,1098135.0,ns,172
generator-benchmark,13 corosensei,,,,1114218.0,ns,174
generator-benchmark,13 corosensei,,,,1122634.0,ns,176
generator-benchmark,13 corosensei,,,,1134511.0,ns,178
generator-benchmark,13 corosensei,,,,1148107.0,ns,180
generator-benchmark,13 corosensei,,,,1180356.0,ns,182
generator-benchmark,13 corosensei,,,,1170084.0,ns,184
generator-benchmark,13 corosensei,,,,1182139.0,ns,186
generator-benchmark,13 corosensei,,,,1199663.0,ns,188
generator-benchmark,13 corosensei,,,,1208435.0,ns,190
generator-benchmark,13 corosensei,,,,1222300.0,ns,192
generator-benchmark,13 corosensei,,,,1235773.0,ns,194
generator-benchmark,13 corosensei,,,,1247589.0,ns,196
generator-benchmark,13 corosensei,,,,1258756.0,ns,198
generator-benchmark,13 corosensei,,,,1276799.0,ns,200
generator-benchmark,13 corosensei,,,,1284738.0,ns,202
generator-benchmark,13 corosensei,,,,1296700.0,ns,204
generator-benchmark,13 corosensei,,,,1310384.0,ns,206
generator-benchmark,13 corosensei,,,,1325186.0,ns,208
generator-benchmark,13 corosensei,,,,1335937.0,ns,210
generator-benchmark,13 corosensei,,,,1348956.0,ns,212
generator-benchmark,13 corosensei,,,,1362947.0,ns,214
generator-benchmark,13 corosensei,,,,1373241.0,ns,216
generator-benchmark,13 corosensei,,,,1389441.0,ns,218
generator-benchmark,13 corosensei,,,,1400178.0,ns,220
generator-benchmark,13 corosensei,,,,1412502.0,ns,222
generator-benchmark,13 corosensei,,,,1425535.0,ns,224
generator-benchmark,13 corosensei,,,,1437115.0,ns,226
generator-benchmark,13 corosensei,,,,1449011.0,ns,228
generator-benchmark,13 corosensei,,,,1470102.0,ns,230
generator-benchmark,13 corosensei,,,,1482452.0,ns,232
generator-benchmark,13 corosensei,,,,1493863.0,ns,234
generator-benchmark,13 corosensei,,,,1536343.0,ns,236
generator-benchmark,13 corosensei,,,,1521228.0,ns,238
generator-benchmark,13 corosensei,,,,1533697.0,ns,240
generator-benchmark,13 corosensei,,,,1540742.0,ns,242
generator-benchmark,13 corosensei,,,,1553189.0,ns,244
generator-benchmark,13 corosensei,,,,1569555.0,ns,246
generator-benchmark,13 corosensei,,,,1578332.0,ns,248
generator-benchmark,13 corosensei,,,,1591293.0,ns,250
generator-benchmark,13 corosensei,,,,1602140.0,ns,252
generator-benchmark,13 corosensei,,,,1616809.0,ns,254
generator-benchmark,13 corosensei,,,,1633658.0,ns,256
generator-benchmark,13 corosensei,,,,1643530.0,ns,258
generator-benchmark,13 corosensei,,,,1656550.0,ns,260
generator-benchmark,13 corosensei,,,,1668022.0,ns,262
generator-benchmark,13 corosensei,,,,1679948.0,ns,264
generator-benchmark,13 corosensei,,,,1700055.0,ns,266
generator-benchmark,13 corosensei,,,,1706935.0,ns,268
generator-benchmark,13 corosensei,,,,1724167.0,ns,270
generator-benchmark,13 corosensei,,,,1730711.0,ns,272
generator-benchmark,13 corosensei,,,,1745460.0,ns,274
generator-benchmark,13 corosensei,,,,1756600.0,ns,276
generator-benchmark,13 corosensei,,,,1770047.0,ns,278
generator-benchmark,13 corosensei,,,,1786140.0,ns,280
generator-benchmark,13 corosensei,,,,1794782.0,ns,282
generator-benchmark,13 corosensei,,,,1808500.0,ns,284
generator-benchmark,13 corosensei,,,,1822147.0,ns,286
generator-benchmark,13 corosensei,,,,1835316.0,ns,288
generator-benchmark,13 corosensei,,,,1844703.0,ns,290
generator-benchmark,13 corosensei,,,,1862556.0,ns,292
generator-benchmark,13 corosensei,,,,1872941.0,ns,294
generator-benchmark,13 corosensei,,,,1887581.0,ns,296
generator-benchmark,13 corosensei,,,,1899006.0,ns,298
generator-benchmark,13 corosensei,,,,1909483.0,ns,300
generator-benchmark,13 corosensei,,,,1922084.0,ns,302
generator-benchmark,13 corosensei,,,,1935135.0,ns,304
generator-benchmark,13 corosensei,,,,1953726.0,ns,306
generator-benchmark,13 corosensei,,,,1961092.0,ns,308
generator-benchmark,13 corosensei,,,,1975931.0,ns,310
generator-benchmark,13 corosensei,,,,1984179.0,ns,312
generator-benchmark,13 corosensei,,,,1999585.0,ns,314
generator-benchmark,13 corosensei,,,,2010664.0,ns,316
generator-benchmark,13 corosensei,,,,2029215.0,ns,318
generator-benchmark,13 corosensei,,,,2038263.0,ns,320
generator-benchmark,13 corosensei,,,,2051650.0,ns,322
generator-benchmark,13 corosensei,,,,2061677.0,ns,324
generator-benchmark,13 corosensei,,,,2087326.0,ns,326
generator-benchmark,13 corosensei,,,,2097668.0,ns,328
generator-benchmark,13 corosensei,,,,2107839.0,ns,330
generator-benchmark,13 corosensei,,,,2122690.0,ns,332
generator-benchmark,13 corosensei,,,,2134307.0,ns,334
generator-benchmark,13 corosensei,,,,2153074.0,ns,336
generator-benchmark,13 corosensei,,,,2160255.0,ns,338
generator-benchmark,13 corosensei,,,,2219520.0,ns,340
generator-benchmark,13 corosensei,,,,2236087.0,ns,342
generator-benchmark,13 corosensei,,,,2202332.0,ns,344
generator-benchmark,13 corosensei,,,,2212092.0,ns,346
generator-benchmark,13 corosensei,,,,2223723.0,ns,348
generator-benchmark,13 corosensei,,,,2239050.0,ns,350
generator-benchmark,13 corosensei,,,,2249435.0,ns,352
generator-benchmark,13 corosensei,,,,2267890.0,ns,354
generator-benchmark,13 corosensei,,,,2275621.0,ns,356
generator-benchmark,13 corosensei,,,,2284992.0,ns,358
generator-benchmark,13 corosensei,,,,2291643.0,ns,360
generator-benchmark,13 corosensei,,,,2304828.0,ns,362
generator-benchmark,13 corosensei,,,,2322464.0,ns,364
generator-benchmark,13 corosensei,,,,2328958.0,ns,366
generator-benchmark,13 corosensei,,,,2343213.0,ns,368
generator-benchmark,13 corosensei,,,,2353016.0,ns,370
generator-benchmark,13 corosensei,,,,2371706.0,ns,372
generator-benchmark,13 corosensei,,,,2380384.0,ns,374
generator-benchmark,13 corosensei,,,,2399561.0,ns,376
generator-benchmark,13 corosensei,,,,2407503.0,ns,378
generator-benchmark,13 corosensei,,,,2418834.0,ns,380
generator-benchmark,13 corosensei,,,,2432645.0,ns,382
generator-benchmark,13 corosensei,,,,2449112.0,ns,384
generator-benchmark,13 corosensei,,,,2457887.0,ns,386
generator-benchmark,13 corosensei,,,,2474629.0,ns,388
generator-benchmark,13 corosensei,,,,2480897.0,ns,390
generator-benchmark,13 corosensei,,,,2496123.0,ns,392
generator-benchmark,13 corosensei,,,,2511777.0,ns,394
generator-benchmark,13 corosensei,,,,2518390.0,ns,396
generator-benchmark,13 corosensei,,,,2530904.0,ns,398
generator-benchmark,13 corosensei,,,,2544415.0,ns,400
generator-benchmark,13 corosensei,,,,2555656.0,ns,402
generator-benchmark,13 corosensei,,,,2575121.0,ns,404
generator-benchmark,13 corosensei,,,,2584542.0,ns,406
generator-benchmark,13 corosensei,,,,2599372.0,ns,408
generator-benchmark,13 corosensei,,,,2613288.0,ns,410
generator-benchmark,13 corosensei,,,,2625489.0,ns,412
generator-benchmark,13 corosensei,,,,2636313.0,ns,414
generator-benchmark,13 corosensei,,,,2706683.0,ns,416
generator-benchmark,13 corosensei,,,,2659884.0,ns,418
generator-benchmark,13 corosensei,,,,2678443.0,ns,420
generator-benchmark,13 corosensei,,,,2687060.0,ns,422
generator-benchmark,13 corosensei,,,,2697435.0,ns,424
generator-benchmark,13 corosensei,,,,2716704.0,ns,426
generator-benchmark,13 corosensei,,,,2728474.0,ns,428
generator-benchmark,13 corosensei,,,,2736206.0,ns,430
generator-benchmark,13 corosensei,,,,2751924.0,ns,432
generator-benchmark,13 corosensei,,,,2768698.0,ns,434
generator-benchmark,13 corosensei,,,,2776443.0,ns,436
generator-benchmark,13 corosensei,,,,2786912.0,ns,438
generator-benchmark,13 corosensei,,,,2803934.0,ns,440
generator-benchmark,13 corosensei,,,,2813628.0,ns,442
generator-benchmark,13 corosensei,,,,2824776.0,ns,444
generator-benchmark,13 corosensei,,,,2843091.0,ns,446
generator-benchmark,13 corosensei,,,,2851274.0,ns,448
generator-benchmark,13 corosensei,,,,2863121.0,ns,450
generator-benchmark,13 corosensei,,,,2879304.0,ns,452
generator-benchmark,13 corosensei,,,,2896956.0,ns,454
generator-benchmark,13 corosensei,,,,2905801.0,ns,456
generator-benchmark,13 corosensei,,,,2916608.0,ns,458
generator-benchmark,13 corosensei,,,,2935729.0,ns,460
generator-benchmark,13 corosensei,,,,2943252.0,ns,462
generator-benchmark,13 corosensei,,,,2956952.0,ns,464
generator-benchmark,13 corosensei,,,,2966046.0,ns,466
generator-benchmark,13 corosensei,,,,2983534.0,ns,468
generator-benchmark,13 corosensei,,,,2996194.0,ns,470
generator-benchmark,13 corosensei,,,,3009878.0,ns,472
generator-benchmark,13 corosensei,,,,3018831.0,ns,474
generator-benchmark,13 corosensei,,,,3031483.0,ns,476
generator-benchmark,13 corosensei,,,,3042967.0,ns,478
generator-benchmark,13 corosensei,,,,3061335.0,ns,480
generator-benchmark,13 corosensei,,,,3069844.0,ns,482
generator-benchmark,13 corosensei,,,,3083955.0,ns,484
generator-benchmark,13 corosensei,,,,3097313.0,ns,486
generator-benchmark,13 corosensei,,,,3111197.0,ns,488
generator-benchmark,13 corosensei,,,,3118257.0,ns,490
generator-benchmark,13 corosensei,,,,3134008.0,ns,492
generator-benchmark,13 corosensei,,,,3150180.0,ns,494
generator-benchmark,13 corosensei,,,,3159963.0,ns,496
generator-benchmark,13 corosensei,,,,3171033.0,ns,498
generator-benchmark,13 corosensei,,,,3182210.0,ns,500
generator-benchmark,13 corosensei,,,,3204675.0,ns,502
generator-benchmark,13 corosensei,,,,3210146.0,ns,504
generator-benchmark,13 corosensei,,,,3223425.0,ns,506
generator-benchmark,13 corosensei,,,,3241490.0,ns,508
generator-benchmark,13 corosensei,,,,3249006.0,ns,510
generator-benchmark,13 corosensei,,,,3263473.0,ns,512
generator-benchmark,13 corosensei,,,,3275308.0,ns,514
generator-benchmark,13 corosensei,,,,3289944.0,ns,516
generator-benchmark,13 corosensei,,,,3299292.0,ns,518
generator-benchmark,13 corosensei,,,,3314184.0,ns,520
generator-benchmark,13 corosensei,,,,3324682.0,ns,522
generator-benchmark,13 corosensei,,,,3337503.0,ns,524
generator-benchmark,13 corosensei,,,,3349677.0,ns,526
generator-benchmark,13 corosensei,,,,3366213.0,ns,528
generator-benchmark,13 corosensei,,,,3377332.0,ns,530
generator-benchmark,13 corosensei,,,,3388059.0,ns,532
generator-benchmark,13 corosensei,,,,3398236.0,ns,534
generator-benchmark,13 corosensei,,,,3438452.0,ns,536
generator-benchmark,13 corosensei,,,,3763986.0,ns,538
generator-benchmark,13 corosensei,,,,3444156.0,ns,540
generator-benchmark,13 corosensei,,,,3453704.0,ns,542
generator-benchmark,13 corosensei,,,,3468419.0,ns,544
generator-benchmark,13 corosensei,,,,3479399.0,ns,546
generator-benchmark,13 corosensei,,,,3490967.0,ns,548
generator-benchmark,13 corosensei,,,,3503970.0,ns,550
generator-benchmark,13 corosensei,,,,3540074.0,ns,552
generator-benchmark,13 corosensei,,,,3531182.0,ns,554
generator-benchmark,13 corosensei,,,,3539378.0,ns,556
generator-benchmark,13 corosensei,,,,3556248.0,ns,558
generator-benchmark,13 corosensei,,,,3565299.0,ns,560
generator-benchmark,13 corosensei,,,,3582620.0,ns,562
generator-benchmark,13 corosensei,,,,3596599.0,ns,564
generator-benchmark,13 corosensei,,,,3607994.0,ns,566
generator-benchmark,13 corosensei,,,,3617071.0,ns,568
generator-benchmark,13 corosensei,,,,3629558.0,ns,570
generator-benchmark,13 corosensei,,,,3640032.0,ns,572
generator-benchmark,13 corosensei,,,,3657776.0,ns,574
generator-benchmark,13 corosensei,,,,3674625.0,ns,576
generator-benchmark,13 corosensei,,,,3682246.0,ns,578
generator-benchmark,13 corosensei,,,,3691177.0,ns,580
generator-benchmark,13 corosensei,,,,3706685.0,ns,582
generator-benchmark,13 corosensei,,,,3716616.0,ns,584
generator-benchmark,13 corosensei,,,,3728848.0,ns,586
generator-benchmark,13 corosensei,,,,3745572.0,ns,588
generator-benchmark,13 corosensei,,,,3755765.0,ns,590
generator-benchmark,13 corosensei,,,,3770985.0,ns,592
generator-benchmark,13 corosensei,,,,3785833.0,ns,594
generator-benchmark,13 corosensei,,,,3794723.0,ns,596
generator-benchmark,13 corosensei,,,,3807286.0,ns,598
generator-benchmark,13 corosensei,,,,3822852.0,ns,600
generator-benchmark,13 corosensei,,,,3839441.0,ns,602
generator-benchmark,13 corosensei,,,,3845287.0,ns,604
generator-benchmark,13 corosensei,,,,3858406.0,ns,606
generator-benchmark,13 corosensei,,,,3876337.0,ns,608
generator-benchmark,13 corosensei,,,,3889282.0,ns,610
generator-benchmark,13 corosensei,,,,3897160.0,ns,612
generator-benchmark,13 corosensei,,,,3908908.0,ns,614
generator-benchmark,13 corosensei,,,,3927286.0,ns,616
generator-benchmark,13 corosensei,,,,3938882.0,ns,618
generator-benchmark,13 corosensei,,,,3951299.0,ns,620
generator-benchmark,13 corosensei,,,,3958627.0,ns,622
generator-benchmark,13 corosensei,,,,3972581.0,ns,624
generator-benchmark,13 corosensei,,,,3987190.0,ns,626
generator-benchmark,13 corosensei,,,,3996045.0,ns,628
generator-benchmark,13 corosensei,,,,4008005.0,ns,630
generator-benchmark,13 corosensei,,,,4027056.0,ns,632
generator-benchmark,13 corosensei,,,,4036278.0,ns,634
generator-benchmark,13 corosensei,,,,4050983.0,ns,636
generator-benchmark,13 corosensei,,,,4058371.0,ns,638
generator-benchmark,13 corosensei,,,,4074282.0,ns,640
generator-benchmark,13 corosensei,,,,4090056.0,ns,642
generator-benchmark,13 corosensei,,,,4100545.0,ns,644
generator-benchmark,13 corosensei,,,,4115827.0,ns,646
generator-benchmark,13 corosensei,,,,4124274.0,ns,648
generator-benchmark,13 corosensei,,,,4136042.0,ns,650
generator-benchmark,13 corosensei,,,,4157618.0,ns,652
generator-benchmark,13 corosensei,,,,4170493.0,ns,654
generator-benchmark,13 corosensei,,,,4179073.0,ns,656
generator-benchmark,13 corosensei,,,,4196454.0,ns,658
generator-benchmark,13 corosensei,,,,4202947.0,ns,660
generator-benchmark,13 corosensei,,,,4215003.0,ns,662
generator-benchmark,13 corosensei,,,,4225667.0,ns,664
generator-benchmark,13 corosensei,,,,4236383.0,ns,666
generator-benchmark,13 corosensei,,,,4252335.0,ns,668
generator-benchmark,13 corosensei,,,,4263796.0,ns,670
generator-benchmark,13 corosensei,,,,4275854.0,ns,672
generator-benchmark,13 corosensei,,,,4357741.0,ns,674
generator-benchmark,13 corosensei,,,,4346221.0,ns,676
generator-benchmark,13 corosensei,,,,4315803.0,ns,678
generator-benchmark,13 corosensei,,,,4324463.0,ns,680
generator-benchmark,13 corosensei,,,,4341396.0,ns,682
generator-benchmark,13 corosensei,,,,4351995.0,ns,684
generator-benchmark,13 corosensei,,,,4363709.0,ns,686
generator-benchmark,13 corosensei,,,,4377104.0,ns,688
generator-benchmark,13 corosensei,,,,4393551.0,ns,690
generator-benchmark,13 corosensei,,,,4407450.0,ns,692
generator-benchmark,13 corosensei,,,,4422804.0,ns,694
generator-benchmark,13 corosensei,,,,4428378.0,ns,696
generator-benchmark,13 corosensei,,,,4440174.0,ns,698
generator-benchmark,13 corosensei,,,,4460973.0,ns,700
generator-benchmark,13 corosensei,,,,4467891.0,ns,702
generator-benchmark,13 corosensei,,,,4481971.0,ns,704
generator-benchmark,13 corosensei,,,,4493886.0,ns,706
generator-benchmark,13 corosensei,,,,4508066.0,ns,708
generator-benchmark,13 corosensei,,,,4519953.0,ns,710
generator-benchmark,13 corosensei,,,,4529766.0,ns,712
generator-benchmark,13 corosensei,,,,4548952.0,ns,714
generator-benchmark,13 corosensei,,,,4597872.0,ns,716
generator-benchmark,13 corosensei,,,,4569095.0,ns,718
generator-benchmark,13 corosensei,,,,4844002.0,ns,720
generator-benchmark,13 corosensei,,,,4620107.0,ns,722
generator-benchmark,13 corosensei,,,,4643320.0,ns,724
generator-benchmark,13 corosensei,,,,4659057.0,ns,726
generator-benchmark,13 corosensei,,,,4650917.0,ns,728
generator-benchmark,13 corosensei,,,,4645890.0,ns,730
generator-benchmark,13 corosensei,,,,4663654.0,ns,732
generator-benchmark,13 corosensei,,,,4678871.0,ns,734
generator-benchmark,13 corosensei,,,,4684501.0,ns,736
generator-benchmark,13 corosensei,,,,4699949.0,ns,738
generator-benchmark,13 corosensei,,,,4711605.0,ns,740
generator-benchmark,13 corosensei,,,,4730841.0,ns,742
generator-benchmark,13 corosensei,,,,4738173.0,ns,744
generator-benchmark,13 corosensei,,,,4756549.0,ns,746
generator-benchmark,13 corosensei,,,,4764265.0,ns,748
generator-benchmark,13 corosensei,,,,4776575.0,ns,750
generator-benchmark,13 corosensei,,,,4787236.0,ns,752
generator-benchmark,13 corosensei,,,,4811434.0,ns,754
generator-benchmark,13 corosensei,,,,4816418.0,ns,756
generator-benchmark,13 corosensei,,,,4828207.0,ns,758
generator-benchmark,13 corosensei,,,,4844991.0,ns,760
generator-benchmark,13 corosensei,,,,4856300.0,ns,762
generator-benchmark,13 corosensei,,,,4868181.0,ns,764
generator-benchmark,13 corosensei,,,,4878780.0,ns,766
generator-benchmark,13 corosensei,,,,4887942.0,ns,768
generator-benchmark,13 corosensei,,,,4907320.0,ns,770
generator-benchmark,13 corosensei,,,,4923218.0,ns,772
generator-benchmark,13 corosensei,,,,4932710.0,ns,774
generator-benchmark,13 corosensei,,,,4944892.0,ns,776
generator-benchmark,13 corosensei,,,,4961417.0,ns,778
generator-benchmark,13 corosensei,,,,4969929.0,ns,780
generator-benchmark,13 corosensei,,,,4983173.0,ns,782
generator-benchmark,13 corosensei,,,,4995770.0,ns,784
generator-benchmark,13 corosensei,,,,5010592.0,ns,786
generator-benchmark,13 corosensei,,,,5030541.0,ns,788
generator-benchmark,13 corosensei,,,,5037166.0,ns,790
generator-benchmark,13 corosensei,,,,5044541.0,ns,792
generator-benchmark,13 corosensei,,,,5057605.0,ns,794
generator-benchmark,13 corosensei,,,,5071337.0,ns,796
generator-benchmark,13 corosensei,,,,5089257.0,ns,798
generator-benchmark,13 corosensei,,,,5098394.0,ns,800
generator-benchmark,13 corosensei,,,,5115398.0,ns,802
generator-benchmark,13 corosensei,,,,5129872.0,ns,804
generator-benchmark,13 corosensei,,,,5144832.0,ns,806
generator-benchmark,13 corosensei,,,,5169275.0,ns,808
generator-benchmark,13 corosensei,,,,5221638.0,ns,810
generator-benchmark,13 corosensei,,,,5188073.0,ns,812
generator-benchmark,13 corosensei,,,,5215690.0,ns,814
generator-benchmark,13 corosensei,,,,5615825.0,ns,816
generator-benchmark,13 corosensei,,,,5223235.0,ns,818
generator-benchmark,13 corosensei,,,,5234424.0,ns,820
generator-benchmark,13 corosensei,,,,5285248.0,ns,822
generator-benchmark,13 corosensei,,,,5402524.0,ns,824
generator-benchmark,13 corosensei,,,,5277782.0,ns,826
generator-benchmark,13 corosensei,,,,5335740.0,ns,828
generator-benchmark,13 corosensei,,,,5315411.0,ns,830
generator-benchmark,13 corosensei,,,,5327962.0,ns,832
generator-benchmark,13 corosensei,,,,5317078.0,ns,834
generator-benchmark,13 corosensei,,,,5326446.0,ns,836
generator-benchmark,13 corosensei,,,,5336349.0,ns,838
generator-benchmark,13 corosensei,,,,5353229.0,ns,840
generator-benchmark,13 corosensei,,,,5360590.0,ns,842
generator-benchmark,13 corosensei,,,,5377557.0,ns,844
generator-benchmark,13 corosensei,,,,5391648.0,ns,846
generator-benchmark,13 corosensei,,,,5405849.0,ns,848
generator-benchmark,13 corosensei,,,,5412894.0,ns,850
generator-benchmark,13 corosensei,,,,5435844.0,ns,852
generator-benchmark,13 corosensei,,,,5444121.0,ns,854
generator-benchmark,13 corosensei,,,,5456753.0,ns,856
generator-benchmark,13 corosensei,,,,5469030.0,ns,858
generator-benchmark,13 corosensei,,,,5477940.0,ns,860
generator-benchmark,13 corosensei,,,,5517700.0,ns,862
generator-benchmark,13 corosensei,,,,5500355.0,ns,864
generator-benchmark,13 corosensei,,,,5510949.0,ns,866
generator-benchmark,13 corosensei,,,,5529318.0,ns,868
generator-benchmark,13 corosensei,,,,5540341.0,ns,870
generator-benchmark,13 corosensei,,,,5574426.0,ns,872
generator-benchmark,13 corosensei,,,,5570912.0,ns,874
generator-benchmark,13 corosensei,,,,5575728.0,ns,876
generator-benchmark,13 corosensei,,,,5594302.0,ns,878
generator-benchmark,13 corosensei,,,,5606786.0,ns,880
generator-benchmark,13 corosensei,,,,5616819.0,ns,882
generator-benchmark,13 corosensei,,,,5621650.0,ns,884
generator-benchmark,13 corosensei,,,,5640486.0,ns,886
generator-benchmark,13 corosensei,,,,5652813.0,ns,888
generator-benchmark,13 corosensei,,,,5668400.0,ns,890
generator-benchmark,13 corosensei,,,,5712815.0,ns,892
generator-benchmark,13 corosensei,,,,5977260.0,ns,894
generator-benchmark,13 corosensei,,,,5725614.0,ns,896
generator-benchmark,13 corosensei,,,,5721048.0,ns,898
generator-benchmark,13 corosensei,,,,5728225.0,ns,900
generator-benchmark,13 corosensei,,,,5753672.0,ns,902
generator-benchmark,13 corosensei,,,,5771492.0,ns,904
generator-benchmark,13 corosensei,,,,5773110.0,ns,906
generator-benchmark,13 corosensei,,,,5783400.0,ns,908
generator-benchmark,13 corosensei,,,,5796938.0,ns,910
generator-benchmark,13 corosensei,,,,5808102.0,ns,912
generator-benchmark,13 corosensei,,,,5823098.0,ns,914
generator-benchmark,13 corosensei,,,,5832054.0,ns,916
generator-benchmark,13 corosensei,,,,5842273.0,ns,918
generator-benchmark,13 corosensei,,,,5857739.0,ns,920
generator-benchmark,13 corosensei,,,,5867100.0,ns,922
generator-benchmark,13 corosensei,,,,5879457.0,ns,924
generator-benchmark,13 corosensei,,,,5894785.0,ns,926
generator-benchmark,13 corosensei,,,,5913129.0,ns,928
generator-benchmark,13 corosensei,,,,5941013.0,ns,930
generator-benchmark,13 corosensei,,,,5951401.0,ns,932
generator-benchmark,13 corosensei,,,,5950136.0,ns,934
generator-benchmark,13 corosensei,,,,5956840.0,ns,936
generator-benchmark,13 corosensei,,,,5994044.0,ns,938
generator-benchmark,13 corosensei,,,,6004849.0,ns,940
generator-benchmark,13 corosensei,,,,6018052.0,ns,942
generator-benchmark,13 corosensei,,,,6028339.0,ns,944
generator-benchmark,13 corosensei,,,,6045372.0,ns,946
generator-benchmark,13 corosensei,,,,6044115.0,ns,948
generator-benchmark,13 corosensei,,,,6066138.0,ns,950
generator-benchmark,13 corosensei,,,,6080327.0,ns,952
generator-benchmark,13 corosensei,,,,6088431.0,ns,954
generator-benchmark,13 corosensei,,,,6109247.0,ns,956
generator-benchmark,13 corosensei,,,,6124074.0,ns,958
generator-benchmark,13 corosensei,,,,6129298.0,ns,960
generator-benchmark,13 corosensei,,,,6134588.0,ns,962
generator-benchmark,13 corosensei,,,,6147643.0,ns,964
generator-benchmark,13 corosensei,,,,6164188.0,ns,966
generator-benchmark,13 corosensei,,,,6184951.0,ns,968
generator-benchmark,13 corosensei,,,,6194333.0,ns,970
generator-benchmark,13 corosensei,,,,6208433.0,ns,972
generator-benchmark,13 corosensei,,,,6205417.0,ns,974
generator-benchmark,13 corosensei,,,,6209940.0,ns,976
generator-benchmark,13 corosensei,,,,6229094.0,ns,978
generator-benchmark,13 corosensei,,,,6235392.0,ns,980
generator-benchmark,13 corosensei,,,,6248884.0,ns,982
generator-benchmark,13 corosensei,,,,6265289.0,ns,984
generator-benchmark,13 corosensei,,,,6282315.0,ns,986
generator-benchmark,13 corosensei,,,,6288015.0,ns,988
generator-benchmark,13 corosensei,,,,6301401.0,ns,990
generator-benchmark,13 corosensei,,,,6317591.0,ns,992
generator-benchmark,13 corosensei,,,,6346387.0,ns,994
generator-benchmark,13 corosensei,,,,6341881.0,ns,996
generator-benchmark,13 corosensei,,,,6348408.0,ns,998
generator-benchmark,13 corosensei,,,,6362041.0,ns,1000
generator-benchmark,13 corosensei,,,,6397384.0,ns,1002
generator-benchmark,13 corosensei,,,,6413771.0,ns,1004
generator-benchmark,13 corosensei,,,,6428323.0,ns,1006
generator-benchmark,13 corosensei,,,,6437461.0,ns,1008
generator-benchmark,13 corosensei,,,,6453481.0,ns,1010
generator-benchmark,13 corosensei,,,,6467782.0,ns,1012
generator-benchmark,13 corosensei,,,,6483148.0,ns,1014
generator-benchmark,13 corosensei,,,,6488390.0,ns,1016
generator-benchmark,13 corosensei,,,,6502256.0,ns,1018
generator-benchmark,13 corosensei,,,,6758900.0,ns,1020
generator-benchmark,13 corosensei,,,,6531787.0,ns,1022
generator-benchmark,13 corosensei,,,,6543711.0,ns,1024
generator-benchmark,13 corosensei,,,,6553551.0,ns,1026
generator-benchmark,13 corosensei,,,,6587846.0,ns,1028
generator-benchmark,13 corosensei,,,,6575167.0,ns,1030
generator-benchmark,13 corosensei,,,,6627876.0,ns,1032
generator-benchmark,13 corosensei,,,,6589945.0,ns,1034
generator-benchmark,13 corosensei,,,,6595828.0,ns,1036
generator-benchmark,13 corosensei,,,,6648685.0,ns,1038
generator-benchmark,13 corosensei,,,,6633192.0,ns,1040
generator-benchmark,13 corosensei,,,,6642942.0,ns,1042
generator-benchmark,13 corosensei,,,,6649843.0,ns,1044
generator-benchmark,13 corosensei,,,,6668441.0,ns,1046
generator-benchmark,13 corosensei,,,,6681784.0,ns,1048
generator-benchmark,13 corosensei,,,,6692804.0,ns,1050
generator-benchmark,13 corosensei,,,,6709760.0,ns,1052
generator-benchmark,13 corosensei,,,,6770744.0,ns,1054
generator-benchmark,13 corosensei,,,,6771921.0,ns,1056
generator-benchmark,13 corosensei,,,,6795328.0,ns,1058
generator-benchmark,13 corosensei,,,,6807373.0,ns,1060
generator-benchmark,13 corosensei,,,,6759486.0,ns,1062
generator-benchmark,13 corosensei,,,,6789625.0,ns,1064
generator-benchmark,13 corosensei,,,,6783641.0,ns,1066
generator-benchmark,13 corosensei,,,,6795594.0,ns,1068
generator-benchmark,13 corosensei,,,,6804710.0,ns,1070
generator-benchmark,13 corosensei,,,,6819693.0,ns,1072
generator-benchmark,13 corosensei,,,,6832086.0,ns,1074
generator-benchmark,13 corosensei,,,,6852783.0,ns,1076
generator-benchmark,13 corosensei,,,,6857851.0,ns,1078
generator-benchmark,13 corosensei,,,,6869396.0,ns,1080
generator-benchmark,13 corosensei,,,,6877410.0,ns,1082
generator-benchmark,13 corosensei,,,,6898567.0,ns,1084
generator-benchmark,13 corosensei,,,,6924147.0,ns,1086
generator-benchmark,13 corosensei,,,,6940612.0,ns,1088
generator-benchmark,13 corosensei,,,,6954762.0,ns,1090
generator-benchmark,13 corosensei,,,,6964126.0,ns,1092
generator-benchmark,13 corosensei,,,,7012206.0,ns,1094
generator-benchmark,13 corosensei,,,,6991032.0,ns,1096
generator-benchmark,13 corosensei,,,,7003226.0,ns,1098
generator-benchmark,13 corosensei,,,,7016731.0,ns,1100
generator-benchmark,13 corosensei,,,,7027048.0,ns,1102
generator-benchmark,13 corosensei,,,,7038480.0,ns,1104
generator-benchmark,13 corosensei,,,,7055245.0,ns,1106
generator-benchmark,13 corosensei,,,,7066166.0,ns,1108
generator-benchmark,13 corosensei,,,,7079634.0,ns,1110
generator-benchmark,13 corosensei,,,,7089811.0,ns,1112
generator-benchmark,13 corosensei,,,,7095462.0,ns,1114
generator-benchmark,13 corosensei,,,,7121475.0,ns,1116
generator-benchmark,13 corosensei,,,,7134192.0,ns,1118
generator-benchmark,13 corosensei,,,,7142716.0,ns,1120
generator-benchmark,13 corosensei,,,,7147409.0,ns,1122
generator-benchmark,13 corosensei,,,,7164315.0,ns,1124
generator-benchmark,13 corosensei,,,,7183910.0,ns,1126
generator-benchmark,13 corosensei,,,,7197577.0,ns,1128
generator-benchmark,13 corosensei,,,,7204999.0,ns,1130
generator-benchmark,13 corosensei,,,,7215642.0,ns,1132
generator-benchmark,13 corosensei,,,,7223419.0,ns,1134
generator-benchmark,13 corosensei,,,,7244741.0,ns,1136
generator-benchmark,13 corosensei,,,,7259144.0,ns,1138
generator-benchmark,13 corosensei,,,,7271189.0,ns,1140
generator-benchmark,13 corosensei,,,,7282518.0,ns,1142
generator-benchmark,13 corosensei,,,,7297184.0,ns,1144
generator-benchmark,13 corosensei,,,,7307271.0,ns,1146
generator-benchmark,13 corosensei,,,,7314470.0,ns,1148
generator-benchmark,13 corosensei,,,,7332341.0,ns,1150
generator-benchmark,13 corosensei,,,,7346574.0,ns,1152
generator-benchmark,13 corosensei,,,,7365121.0,ns,1154
generator-benchmark,13 corosensei,,,,7372662.0,ns,1156
generator-benchmark,13 corosensei,,,,7391103.0,ns,1158
generator-benchmark,13 corosensei,,,,7401512.0,ns,1160
generator-benchmark,13 corosensei,,,,7417129.0,ns,1162
generator-benchmark,13 corosensei,,,,7430988.0,ns,1164
generator-benchmark,13 corosensei,,,,7442048.0,ns,1166
generator-benchmark,13 corosensei,,,,7440964.0,ns,1168
generator-benchmark,13 corosensei,,,,7482197.0,ns,1170
generator-benchmark,13 corosensei,,,,7476133.0,ns,1172
generator-benchmark,13 corosensei,,,,7490062.0,ns,1174
generator-benchmark,13 corosensei,,,,7501949.0,ns,1176
generator-benchmark,13 corosensei,,,,7514660.0,ns,1178
generator-benchmark,13 corosensei,,,,7521734.0,ns,1180
generator-benchmark,13 corosensei,,,,7541776.0,ns,1182
generator-benchmark,13 corosensei,,,,7531852.0,ns,1184
generator-benchmark,13 corosensei,,,,7550903.0,ns,1186
generator-benchmark,13 corosensei,,,,7559451.0,ns,1188
generator-benchmark,13 corosensei,,,,7587709.0,ns,1190
generator-benchmark,13 corosensei,,,,7867728.0,ns,1192
generator-benchmark,13 corosensei,,,,7829053.0,ns,1194
generator-benchmark,13 corosensei,,,,7630588.0,ns,1196
generator-benchmark,13 corosensei,,,,7641611.0,ns,1198
generator-benchmark,13 corosensei,,,,7678196.0,ns,1200
generator-benchmark,13 corosensei,,,,7681694.0,ns,1202
generator-benchmark,13 corosensei,,,,7696618.0,ns,1204
generator-benchmark,13 corosensei,,,,7721690.0,ns,1206
generator-benchmark,13 corosensei,,,,7723846.0,ns,1208
generator-benchmark,13 corosensei,,,,7736755.0,ns,1210
generator-benchmark,13 corosensei,,,,7748132.0,ns,1212
generator-benchmark,13 corosensei,,,,7773081.0,ns,1214
generator-benchmark,13 corosensei,,,,7778530.0,ns,1216
generator-benchmark,13 corosensei,,,,7780243.0,ns,1218
generator-benchmark,13 corosensei,,,,7801795.0,ns,1220
generator-benchmark,13 corosensei,,,,7813147.0,ns,1222
generator-benchmark,13 corosensei,,,,7832389.0,ns,1224
generator-benchmark,13 corosensei,,,,7837266.0,ns,1226
generator-benchmark,13 corosensei,,,,7863174.0,ns,1228
generator-benchmark,13 corosensei,,,,7859813.0,ns,1230
generator-benchmark,13 corosensei,,,,7859377.0,ns,1232
generator-benchmark,13 corosensei,,,,7880443.0,ns,1234
generator-benchmark,13 corosensei,,,,7889918.0,ns,1236
generator-benchmark,13 corosensei,,,,7908708.0,ns,1238
generator-benchmark,13 corosensei,,,,7915232.0,ns,1240
generator-benchmark,13 corosensei,,,,7911601.0,ns,1242
generator-benchmark,13 corosensei,,,,7927093.0,ns,1244
generator-benchmark,13 corosensei,,,,7932910.0,ns,1246
generator-benchmark,13 corosensei,,,,7970770.0,ns,1248
generator-benchmark,13 corosensei,,,,7976845.0,ns,1250
generator-benchmark,13 corosensei,,,,7985077.0,ns,1252
generator-benchmark,13 corosensei,,,,8011375.0,ns,1254
generator-benchmark,13 corosensei,,,,7996306.0,ns,1256
generator-benchmark,13 corosensei,,,,8002910.0,ns,1258
generator-benchmark,13 corosensei,,,,8020671.0,ns,1260
generator-benchmark,13 corosensei,,,,8025554.0,ns,1262
generator-benchmark,13 corosensei,,,,8038235.0,ns,1264
generator-benchmark,13 corosensei,,,,8049009.0,ns,1266
generator-benchmark,13 corosensei,,,,8061839.0,ns,1268
generator-benchmark,13 corosensei,,,,8080874.0,ns,1270
generator-benchmark,13 corosensei,,,,8098183.0,ns,1272
generator-benchmark,13 corosensei,,,,8108795.0,ns,1274
generator-benchmark,13 corosensei,,,,8131511.0,ns,1276
generator-benchmark,13 corosensei,,,,8123427.0,ns,1278
generator-benchmark,13 corosensei,,,,8136261.0,ns,1280
generator-benchmark,13 corosensei,,,,8159711.0,ns,1282
generator-benchmark,13 corosensei,,,,8188163.0,ns,1284
generator-benchmark,13 corosensei,,,,8209987.0,ns,1286
generator-benchmark,13 corosensei,,,,8222837.0,ns,1288
generator-benchmark,13 corosensei,,,,8230368.0,ns,1290
generator-benchmark,13 corosensei,,,,8233328.0,ns,1292
generator-benchmark,13 corosensei,,,,8256795.0,ns,1294
generator-benchmark,13 corosensei,,,,8312334.0,ns,1296
generator-benchmark,13 corosensei,,,,8291251.0,ns,1298
generator-benchmark,13 corosensei,,,,8294590.0,ns,1300
generator-benchmark,13 corosensei,,,,8299744.0,ns,1302
generator-benchmark,13 corosensei,,,,8319618.0,ns,1304
generator-benchmark,13 corosensei,,,,8349279.0,ns,1306
generator-benchmark,13 corosensei,,,,8346711.0,ns,1308
generator-benchmark,13 corosensei,,,,8358059.0,ns,1310
generator-benchmark,13 corosensei,,,,8373954.0,ns,1312
generator-benchmark,13 corosensei,,,,8395029.0,ns,1314
generator-benchmark,13 corosensei,,,,8398625.0,ns,1316
generator-benchmark,13 corosensei,,,,8493502.0,ns,1318
generator-benchmark,13 corosensei,,,,8518164.0,ns,1320
generator-benchmark,13 corosensei,,,,8440708.0,ns,1322
generator-benchmark,13 corosensei,,,,8430955.0,ns,1324
generator-benchmark,13 corosensei,,,,8488395.0,ns,1326
generator-benchmark,13 corosensei,,,,8499158.0,ns,1328
generator-benchmark,13 corosensei,,,,8520509.0,ns,1330
generator-benchmark,13 corosensei,,,,8588126.0,ns,1332
generator-benchmark,13 corosensei,,,,8549379.0,ns,1334
generator-benchmark,13 corosensei,,,,8598501.0,ns,1336
generator-benchmark,13 corosensei,,,,8579950.0,ns,1338
generator-benchmark,13 corosensei,,,,8818874.0,ns,1340
generator-benchmark,13 corosensei,,,,8546032.0,ns,1342
generator-benchmark,13 corosensei,,,,8554014.0,ns,1344
generator-benchmark,13 corosensei,,,,8563689.0,ns,1346
generator-benchmark,13 corosensei,,,,8585752.0,ns,1348
generator-benchmark,13 corosensei,,,,8596801.0,ns,1350
generator-benchmark,13 corosensei,,,,8613824.0,ns,1352
generator-benchmark,13 corosensei,,,,8644883.0,ns,1354
generator-benchmark,13 corosensei,,,,8663740.0,ns,1356
generator-benchmark,13 corosensei,,,,8673849.0,ns,1358
generator-benchmark,13 corosensei,,,,8692692.0,ns,1360
generator-benchmark,13 corosensei,,,,8703771.0,ns,1362
generator-benchmark,13 corosensei,,,,8716366.0,ns,1364
generator-benchmark,13 corosensei,,,,8720966.0,ns,1366
generator-benchmark,13 corosensei,,,,8744908.0,ns,1368
generator-benchmark,13 corosensei,,,,8755796.0,ns,1370
generator-benchmark,13 corosensei,,,,8763476.0,ns,1372
generator-benchmark,13 corosensei,,,,8775532.0,ns,1374
generator-benchmark,13 corosensei,,,,8791221.0,ns,1376
generator-benchmark,13 corosensei,,,,8772124.0,ns,1378
generator-benchmark,13 corosensei,,,,8796355.0,ns,1380
generator-benchmark,13 corosensei,,,,8801364.0,ns,1382
generator-benchmark,13 corosensei,,,,8810897.0,ns,1384
generator-benchmark,13 corosensei,,,,8826197.0,ns,1386
generator-benchmark,13 corosensei,,,,8847900.0,ns,1388
generator-benchmark,13 corosensei,,,,8855533.0,ns,1390
generator-benchmark,13 corosensei,,,,8895133.0,ns,1392
generator-benchmark,13 corosensei,,,,8905347.0,ns,1394
generator-benchmark,13 corosensei,,,,8914120.0,ns,1396
generator-benchmark,13 corosensei,,,,8933955.0,ns,1398
generator-benchmark,13 corosensei,,,,8951864.0,ns,1400
generator-benchmark,13 corosensei,,,,8958540.0,ns,1402
generator-benchmark,13 corosensei,,,,8964097.0,ns,1404
generator-benchmark,13 corosensei,,,,8978566.0,ns,1406
generator-benchmark,13 corosensei,,,,9033121.0,ns,1408
generator-benchmark,13 corosensei,,,,8977252.0,ns,1410
generator-benchmark,13 corosensei,,,,8996100.0,ns,1412
generator-benchmark,13 corosensei,,,,9019109.0,ns,1414
generator-benchmark,13 corosensei,,,,9013734.0,ns,1416
generator-benchmark,13 corosensei,,,,9030283.0,ns,1418
generator-benchmark,13 corosensei,,,,9039639.0,ns,1420
generator-benchmark,13 corosensei,,,,9055703.0,ns,1422
generator-benchmark,13 corosensei,,,,9063884.0,ns,1424
generator-benchmark,13 corosensei,,,,9078390.0,ns,1426
generator-benchmark,13 corosensei,,,,9114368.0,ns,1428
generator-benchmark,13 corosensei,,,,9104219.0,ns,1430
generator-benchmark,13 corosensei,,,,9662359.0,ns,1432
generator-benchmark,13 corosensei,,,,9428928.0,ns,1434
generator-benchmark,13 corosensei,,,,9174851.0,ns,1436
generator-benchmark,13 corosensei,,,,9167861.0,ns,1438
generator-benchmark,13 corosensei,,,,9191470.0,ns,1440
generator-benchmark,13 corosensei,,,,9202588.0,ns,1442
generator-benchmark,13 corosensei,,,,9230029.0,ns,1444
generator-benchmark,13 corosensei,,,,9248282.0,ns,1446
generator-benchmark,13 corosensei,,,,9253014.0,ns,1448
generator-benchmark,13 corosensei,,,,9265883.0,ns,1450
generator-benchmark,13 corosensei,,,,9280157.0,ns,1452
generator-benchmark,13 corosensei,,,,9294566.0,ns,1454
generator-benchmark,13 corosensei,,,,9305573.0,ns,1456
generator-benchmark,13 corosensei,,,,9310980.0,ns,1458
generator-benchmark,13 corosensei,,,,9330966.0,ns,1460
generator-benchmark,13 corosensei,,,,9340689.0,ns,1462
generator-benchmark,13 corosensei,,,,9352653.0,ns,1464
generator-benchmark,13 corosensei,,,,9359298.0,ns,1466
generator-benchmark,13 corosensei,,,,9373347.0,ns,1468
generator-benchmark,13 corosensei,,,,9387467.0,ns,1470
generator-benchmark,13 corosensei,,,,9407957.0,ns,1472
generator-benchmark,13 corosensei,,,,9743255.0,ns,1474
generator-benchmark,13 corosensei,,,,9450545.0,ns,1476
generator-benchmark,13 corosensei,,,,9459900.0,ns,1478
generator-benchmark,13 corosensei,,,,9475269.0,ns,1480
generator-benchmark,13 corosensei,,,,9453437.0,ns,1482
generator-benchmark,13 corosensei,,,,9505921.0,ns,1484
generator-benchmark,13 corosensei,,,,9496336.0,ns,1486
generator-benchmark,13 corosensei,,,,9497881.0,ns,1488
generator-benchmark,13 corosensei,,,,9506750.0,ns,1490
generator-benchmark,13 corosensei,,,,9500351.0,ns,1492
generator-benchmark,13 corosensei,,,,9536549.0,ns,1494
generator-benchmark,13 corosensei,,,,9557113.0,ns,1496
generator-benchmark,13 corosensei,,,,9573500.0,ns,1498
generator-benchmark,13 corosensei,,,,9558271.0,ns,1500
generator-benchmark,13 corosensei,,,,9582908.0,ns,1502
generator-benchmark,13 corosensei,,,,9612334.0,ns,1504
generator-benchmark,13 corosensei,,,,9623131.0,ns,1506
generator-benchmark,13 corosensei,,,,9637435.0,ns,1508
generator-benchmark,13 corosensei,,,,9652224.0,ns,1510
generator-benchmark,13 corosensei,,,,9659655.0,ns,1512
generator-benchmark,13 corosensei,,,,9671678.0,ns,1514
generator-benchmark,13 corosensei,,,,9691286.0,ns,1516
generator-benchmark,13 corosensei,,,,9690755.0,ns,1518
generator-benchmark,13 corosensei,,,,9707588.0,ns,1520
generator-benchmark,13 corosensei,,,,9720044.0,ns,1522
generator-benchmark,13 corosensei,,,,9761810.0,ns,1524
generator-benchmark,13 corosensei,,,,9708360.0,ns,1526
generator-benchmark,13 corosensei,,,,9729150.0,ns,1528
generator-benchmark,13 corosensei,,,,9747187.0,ns,1530
generator-benchmark,13 corosensei,,,,9756315.0,ns,1532
generator-benchmark,13 corosensei,,,,9763768.0,ns,1534
generator-benchmark,13 corosensei,,,,9813950.0,ns,1536
generator-benchmark,13 corosensei,,,,9907200.0,ns,1538
generator-benchmark,13 corosensei,,,,9892122.0,ns,1540
generator-benchmark,13 corosensei,,,,9923095.0,ns,1542
generator-benchmark,13 corosensei,,,,9864913.0,ns,1544
generator-benchmark,13 corosensei,,,,9871253.0,ns,1546
generator-benchmark,13 corosensei,,,,9893406.0,ns,1548
generator-benchmark,13 corosensei,,,,9913897.0,ns,1550
generator-benchmark,13 corosensei,,,,9920689.0,ns,1552
generator-benchmark,13 corosensei,,,,9937441.0,ns,1554
generator-benchmark,13 corosensei,,,,9948463.0,ns,1556
generator-benchmark,13 corosensei,,,,9958005.0,ns,1558
generator-benchmark,13 corosensei,,,,9967370.0,ns,1560
generator-benchmark,13 corosensei,,,,9988019.0,ns,1562
generator-benchmark,13 corosensei,,,,9997001.0,ns,1564
generator-benchmark,13 corosensei,,,,10053326.0,ns,1566
generator-benchmark,13 corosensei,,,,10017678.0,ns,1568
generator-benchmark,13 corosensei,,,,10025092.0,ns,1570
generator-benchmark,13 corosensei,,,,10026451.0,ns,1572
generator-benchmark,13 corosensei,,,,10038947.0,ns,1574
generator-benchmark,13 corosensei,,,,10057282.0,ns,1576
generator-benchmark,13 corosensei,,,,10068589.0,ns,1578
generator-benchmark,13 corosensei,,,,10075655.0,ns,1580
generator-benchmark,13 corosensei,,,,10091104.0,ns,1582
generator-benchmark,13 corosensei,,,,10078155.0,ns,1584
generator-benchmark,13 corosensei,,,,10144971.0,ns,1586
generator-benchmark,13 corosensei,,,,10110987.0,ns,1588
generator-benchmark,13 corosensei,,,,10108853.0,ns,1590
generator-benchmark,13 corosensei,,,,10118854.0,ns,1592
generator-benchmark,13 corosensei,,,,10137124.0,ns,1594
generator-benchmark,13 corosensei,,,,10490211.0,ns,1596
generator-benchmark,13 corosensei,,,,10169033.0,ns,1598
generator-benchmark,13 corosensei,,,,10224025.0,ns,1600
generator-benchmark,13 corosensei,,,,10186933.0,ns,1602
generator-benchmark,13 corosensei,,,,10218554.0,ns,1604
generator-benchmark,13 corosensei,,,,10242434.0,ns,1606
generator-benchmark,13 corosensei,,,,10252820.0,ns,1608
generator-benchmark,13 corosensei,,,,10270119.0,ns,1610
generator-benchmark,13 corosensei,,,,10298550.0,ns,1612
generator-benchmark,13 corosensei,,,,10306433.0,ns,1614
generator-benchmark,13 corosensei,,,,10324278.0,ns,1616
generator-benchmark,13 corosensei,,,,10343589.0,ns,1618
generator-benchmark,13 corosensei,,,,10376892.0,ns,1620
generator-benchmark,13 corosensei,,,,10351664.0,ns,1622
generator-benchmark,13 corosensei,,,,10339544.0,ns,1624
generator-benchmark,13 corosensei,,,,10358896.0,ns,1626
generator-benchmark,13 corosensei,,,,10365950.0,ns,1628
generator-benchmark,13 corosensei,,,,10382079.0,ns,1630
generator-benchmark,13 corosensei,,,,10432120.0,ns,1632
generator-benchmark,13 corosensei,,,,10413514.0,ns,1634
generator-benchmark,13 corosensei,,,,10614942.0,ns,1636
generator-benchmark,13 corosensei,,,,10474656.0,ns,1638
generator-benchmark,13 corosensei,,,,10461893.0,ns,1640
generator-benchmark,13 corosensei,,,,10483851.0,ns,1642
generator-benchmark,13 corosensei,,,,10471887.0,ns,1644
generator-benchmark,13 corosensei,,,,10482729.0,ns,1646
generator-benchmark,13 corosensei,,,,10514765.0,ns,1648
generator-benchmark,13 corosensei,,,,10545223.0,ns,1650
generator-benchmark,13 corosensei,,,,10557708.0,ns,1652
generator-benchmark,13 corosensei,,,,10569945.0,ns,1654
generator-benchmark,13 corosensei,,,,10581167.0,ns,1656
generator-benchmark,13 corosensei,,,,10592748.0,ns,1658
generator-benchmark,13 corosensei,,,,10602720.0,ns,1660
generator-benchmark,13 corosensei,,,,10626781.0,ns,1662
generator-benchmark,13 corosensei,,,,10631577.0,ns,1664
generator-benchmark,13 corosensei,,,,10651750.0,ns,1666
generator-benchmark,13 corosensei,,,,10660018.0,ns,1668
generator-benchmark,13 corosensei,,,,10661209.0,ns,1670
generator-benchmark,13 corosensei,,,,10666807.0,ns,1672
generator-benchmark,13 corosensei,,,,10680317.0,ns,1674
generator-benchmark,13 corosensei,,,,10694193.0,ns,1676
generator-benchmark,13 corosensei,,,,10679519.0,ns,1678
generator-benchmark,13 corosensei,,,,10693091.0,ns,1680
generator-benchmark,13 corosensei,,,,10713605.0,ns,1682
generator-benchmark,13 corosensei,,,,10725923.0,ns,1684
generator-benchmark,13 corosensei,,,,10770143.0,ns,1686
generator-benchmark,13 corosensei,,,,10785343.0,ns,1688
generator-benchmark,13 corosensei,,,,10800880.0,ns,1690
generator-benchmark,13 corosensei,,,,10807707.0,ns,1692
generator-benchmark,13 corosensei,,,,10826142.0,ns,1694
generator-benchmark,13 corosensei,,,,10828370.0,ns,1696
generator-benchmark,13 corosensei,,,,10844140.0,ns,1698
generator-benchmark,13 corosensei,,,,10852629.0,ns,1700
generator-benchmark,13 corosensei,,,,10869247.0,ns,1702
generator-benchmark,13 corosensei,,,,10881802.0,ns,1704
generator-benchmark,13 corosensei,,,,10892552.0,ns,1706
generator-benchmark,13 corosensei,,,,10911976.0,ns,1708
generator-benchmark,13 corosensei,,,,10925711.0,ns,1710
generator-benchmark,13 corosensei,,,,10936599.0,ns,1712
generator-benchmark,13 corosensei,,,,10946147.0,ns,1714
generator-benchmark,13 corosensei,,,,10966345.0,ns,1716
generator-benchmark,13 corosensei,,,,10981581.0,ns,1718
generator-benchmark,13 corosensei,,,,11016035.0,ns,1720
generator-benchmark,13 corosensei,,,,10999700.0,ns,1722
generator-benchmark,13 corosensei,,,,11017510.0,ns,1724
generator-benchmark,13 corosensei,,,,11024908.0,ns,1726
generator-benchmark,13 corosensei,,,,11034777.0,ns,1728
generator-benchmark,13 corosensei,,,,11164460.0,ns,1730
generator-benchmark,13 corosensei,,,,11090750.0,ns,1732
generator-benchmark,13 corosensei,,,,11092197.0,ns,1734
generator-benchmark,13 corosensei,,,,11053973.0,ns,1736
generator-benchmark,13 corosensei,,,,11068668.0,ns,1738
generator-benchmark,13 corosensei,,,,11083177.0,ns,1740
generator-benchmark,13 corosensei,,,,11089735.0,ns,1742
generator-benchmark,13 corosensei,,,,11107205.0,ns,1744
generator-benchmark,13 corosensei,,,,11120118.0,ns,1746
generator-benchmark,13 corosensei,,,,11130388.0,ns,1748
generator-benchmark,13 corosensei,,,,11152199.0,ns,1750
generator-benchmark,13 corosensei,,,,11159273.0,ns,1752
generator-benchmark,13 corosensei,,,,11155037.0,ns,1754
generator-benchmark,13 corosensei,,,,11172236.0,ns,1756
generator-benchmark,13 corosensei,,,,11177622.0,ns,1758
generator-benchmark,13 corosensei,,,,11197270.0,ns,1760
generator-benchmark,13 corosensei,,,,11209477.0,ns,1762
generator-benchmark,13 corosensei,,,,11219061.0,ns,1764
generator-benchmark,13 corosensei,,,,11230809.0,ns,1766
generator-benchmark,13 corosensei,,,,11245499.0,ns,1768
generator-benchmark,13 corosensei,,,,11260580.0,ns,1770
generator-benchmark,13 corosensei,,,,11263700.0,ns,1772
generator-benchmark,13 corosensei,,,,11276077.0,ns,1774
generator-benchmark,13 corosensei,,,,11289012.0,ns,1776
generator-benchmark,13 corosensei,,,,11303992.0,ns,1778
generator-benchmark,13 corosensei,,,,11321646.0,ns,1780
generator-benchmark,13 corosensei,,,,11328390.0,ns,1782
generator-benchmark,13 corosensei,,,,11336402.0,ns,1784
generator-benchmark,13 corosensei,,,,11360841.0,ns,1786
generator-benchmark,13 corosensei,,,,11370217.0,ns,1788
generator-benchmark,13 corosensei,,,,11419088.0,ns,1790
generator-benchmark,13 corosensei,,,,11382926.0,ns,1792
generator-benchmark,13 corosensei,,,,11412474.0,ns,1794
generator-benchmark,13 corosensei,,,,11416847.0,ns,1796
generator-benchmark,13 corosensei,,,,11420191.0,ns,1798
generator-benchmark,13 corosensei,,,,11457840.0,ns,1800
generator-benchmark,13 corosensei,,,,11471701.0,ns,1802
generator-benchmark,13 corosensei,,,,11484503.0,ns,1804
generator-benchmark,13 corosensei,,,,11487045.0,ns,1806
generator-benchmark,13 corosensei,,,,11505318.0,ns,1808
generator-benchmark,13 corosensei,,,,11503336.0,ns,1810
generator-benchmark,13 corosensei,,,,11538552.0,ns,1812
generator-benchmark,13 corosensei,,,,11541671.0,ns,1814
generator-benchmark,13 corosensei,,,,11553304.0,ns,1816
generator-benchmark,13 corosensei,,,,11570444.0,ns,1818
generator-benchmark,13 corosensei,,,,11571716.0,ns,1820
generator-benchmark,13 corosensei,,,,11587321.0,ns,1822
generator-benchmark,13 corosensei,,,,11611528.0,ns,1824
generator-benchmark,13 corosensei,,,,11617877.0,ns,1826
generator-benchmark,13 corosensei,,,,11621877.0,ns,1828
generator-benchmark,13 corosensei,,,,11642233.0,ns,1830
generator-benchmark,13 corosensei,,,,11660140.0,ns,1832
generator-benchmark,13 corosensei,,,,11680681.0,ns,1834
generator-benchmark,13 corosensei,,,,11687538.0,ns,1836
generator-benchmark,13 corosensei,,,,11702493.0,ns,1838
generator-benchmark,13 corosensei,,,,11717646.0,ns,1840
generator-benchmark,13 corosensei,,,,11726290.0,ns,1842
generator-benchmark,13 corosensei,,,,11736624.0,ns,1844
generator-benchmark,13 corosensei,,,,11754617.0,ns,1846
generator-benchmark,13 corosensei,,,,11760992.0,ns,1848
generator-benchmark,13 corosensei,,,,11781059.0,ns,1850
generator-benchmark,13 corosensei,,,,11798924.0,ns,1852
generator-benchmark,13 corosensei,,,,11803876.0,ns,1854
generator-benchmark,13 corosensei,,,,11815136.0,ns,1856
generator-benchmark,13 corosensei,,,,11825178.0,ns,1858
generator-benchmark,13 corosensei,,,,11844126.0,ns,1860
generator-benchmark,13 corosensei,,,,11857640.0,ns,1862
generator-benchmark,13 corosensei,,,,11871467.0,ns,1864
generator-benchmark,13 corosensei,,,,11879197.0,ns,1866
generator-benchmark,13 corosensei,,,,11883880.0,ns,1868
generator-benchmark,13 corosensei,,,,11909019.0,ns,1870
generator-benchmark,13 corosensei,,,,11913749.0,ns,1872
generator-benchmark,13 corosensei,,,,11927130.0,ns,1874
generator-benchmark,13 corosensei,,,,11942038.0,ns,1876
generator-benchmark,13 corosensei,,,,11960963.0,ns,1878
generator-benchmark,13 corosensei,,,,11965028.0,ns,1880
generator-benchmark,13 corosensei,,,,11976534.0,ns,1882
generator-benchmark,13 corosensei,,,,11997749.0,ns,1884
generator-benchmark,13 corosensei,,,,12009645.0,ns,1886
generator-benchmark,13 corosensei,,,,12034581.0,ns,1888
generator-benchmark,13 corosensei,,,,12035598.0,ns,1890
generator-benchmark,13 corosensei,,,,12048582.0,ns,1892
generator-benchmark,13 corosensei,,,,12087635.0,ns,1894
generator-benchmark,13 corosensei,,,,12075451.0,ns,1896
generator-benchmark,13 corosensei,,,,12076829.0,ns,1898
generator-benchmark,13 corosensei,,,,12090018.0,ns,1900
generator-benchmark,13 corosensei,,,,12110680.0,ns,1902
generator-benchmark,13 corosensei,,,,12156899.0,ns,1904
generator-benchmark,13 corosensei,,,,12169144.0,ns,1906
generator-benchmark,13 corosensei,,,,12146670.0,ns,1908
generator-benchmark,13 corosensei,,,,12183666.0,ns,1910
generator-benchmark,13 corosensei,,,,12174987.0,ns,1912
generator-benchmark,13 corosensei,,,,12181629.0,ns,1914
generator-benchmark,13 corosensei,,,,12185712.0,ns,1916
generator-benchmark,13 corosensei,,,,12206070.0,ns,1918
generator-benchmark,13 corosensei,,,,12490882.0,ns,1920
generator-benchmark,13 corosensei,,,,12237803.0,ns,1922
generator-benchmark,13 corosensei,,,,12311368.0,ns,1924
generator-benchmark,13 corosensei,,,,12251282.0,ns,1926
generator-benchmark,13 corosensei,,,,12269415.0,ns,1928
generator-benchmark,13 corosensei,,,,12289810.0,ns,1930
generator-benchmark,13 corosensei,,,,12299900.0,ns,1932
generator-benchmark,13 corosensei,,,,12312624.0,ns,1934
generator-benchmark,13 corosensei,,,,12342090.0,ns,1936
generator-benchmark,13 corosensei,,,,12343666.0,ns,1938
generator-benchmark,13 corosensei,,,,12350567.0,ns,1940
generator-benchmark,13 corosensei,,,,12365758.0,ns,1942
generator-benchmark,13 corosensei,,,,12371000.0,ns,1944
generator-benchmark,13 corosensei,,,,12399080.0,ns,1946
generator-benchmark,13 corosensei,,,,12394221.0,ns,1948
generator-benchmark,13 corosensei,,,,12412687.0,ns,1950
generator-benchmark,13 corosensei,,,,12441476.0,ns,1952
generator-benchmark,13 corosensei,,,,12442033.0,ns,1954
generator-benchmark,13 corosensei,,,,12453635.0,ns,1956
generator-benchmark,13 corosensei,,,,12467413.0,ns,1958
generator-benchmark,13 corosensei,,,,12507452.0,ns,1960
generator-benchmark,13 corosensei,,,,12487857.0,ns,1962
generator-benchmark,13 corosensei,,,,12499637.0,ns,1964
generator-benchmark,13 corosensei,,,,12524228.0,ns,1966
generator-benchmark,13 corosensei,,,,12527319.0,ns,1968
generator-benchmark,13 corosensei,,,,12567338.0,ns,1970
generator-benchmark,13 corosensei,,,,12554774.0,ns,1972
generator-benchmark,13 corosensei,,,,12569038.0,ns,1974
generator-benchmark,13 corosensei,,,,12575876.0,ns,1976
generator-benchmark,13 corosensei,,,,12594179.0,ns,1978
generator-benchmark,13 corosensei,,,,12604001.0,ns,1980
generator-benchmark,13 corosensei,,,,12734157.0,ns,1982
generator-benchmark,13 corosensei,,,,12775308.0,ns,1984
generator-benchmark,13 corosensei,,,,12640986.0,ns,1986
generator-benchmark,13 corosensei,,,,12655471.0,ns,1988
generator-benchmark,13 corosensei,,,,12665586.0,ns,1990
generator-benchmark,13 corosensei,,,,12675905.0,ns,1992
generator-benchmark,13 corosensei,,,,12690058.0,ns,1994
generator-benchmark,13 corosensei,,,,12700403.0,ns,1996
generator-benchmark,13 corosensei,,,,12712652.0,ns,1998
generator-benchmark,13 corosensei,,,,12736256.0,ns,2000
